{"Reward":0.5078287720680237,"Loss":0.06158615723252296,"Epoch":13,"Epsilon":0.8881829126234326,"_timestamp":1.7299715685544925e+09,"_wandb":{"runtime":15},"_runtime":12.265801904,"_step":13}