{"_timestamp":1.729976132617424e+09,"_runtime":16.897092516,"_step":0,"Reward":0.5564397573471069,"_wandb":{"runtime":19},"Loss":0.20282233357429505,"Epoch":0,"Epsilon":0.8991504248583688}